"FullName","Length","LastWriteTime"
"C:\Users\User\Desktop\mlb\archive\freeze_2026-04-14_164719\artifacts",,"4/14/2026 4:47:19 PM"
"C:\Users\User\Desktop\mlb\archive\freeze_2026-04-14_164719\code",,"4/14/2026 4:47:19 PM"
"C:\Users\User\Desktop\mlb\archive\freeze_2026-04-14_164719\meta",,"4/14/2026 4:47:22 PM"
"C:\Users\User\Desktop\mlb\archive\freeze_2026-04-14_164719\artifacts\draftkings full stack best edges.csv","293311","4/14/2026 2:09:08 PM"
"C:\Users\User\Desktop\mlb\archive\freeze_2026-04-14_164719\artifacts\draftkings full stack projected all markets.csv","4205214","4/14/2026 2:09:08 PM"
"C:\Users\User\Desktop\mlb\archive\freeze_2026-04-14_164719\artifacts\draftkings full stack projected game lines.csv","378576","4/14/2026 2:09:08 PM"
"C:\Users\User\Desktop\mlb\archive\freeze_2026-04-14_164719\artifacts\draftkings full stack projected player props.csv","3827279","4/14/2026 2:09:08 PM"
"C:\Users\User\Desktop\mlb\archive\freeze_2026-04-14_164719\artifacts\draftkings full stack summary.csv","1554","4/14/2026 2:09:08 PM"
"C:\Users\User\Desktop\mlb\archive\freeze_2026-04-14_164719\artifacts\draftkings_mlb_pregame_live_odds.csv","230446","4/14/2026 4:34:24 PM"
"C:\Users\User\Desktop\mlb\archive\freeze_2026-04-14_164719\artifacts\fanduel_mlb_shared_odds.parquet","24458","4/14/2026 2:46:42 PM"
"C:\Users\User\Desktop\mlb\archive\freeze_2026-04-14_164719\artifacts\mlb_live_game_board.csv","17367","4/14/2026 4:42:59 PM"
"C:\Users\User\Desktop\mlb\archive\freeze_2026-04-14_164719\artifacts\mlb_live_market_hub.csv","538625","4/14/2026 4:42:59 PM"
"C:\Users\User\Desktop\mlb\archive\freeze_2026-04-14_164719\artifacts\mlb_live_player_board.csv","1081923","4/14/2026 4:42:59 PM"
"C:\Users\User\Desktop\mlb\archive\freeze_2026-04-14_164719\artifacts\mlb_live_projections.csv","291","4/14/2026 4:34:13 PM"
"C:\Users\User\Desktop\mlb\archive\freeze_2026-04-14_164719\artifacts\mlb_live_scored_board.csv","1140115","4/14/2026 4:42:59 PM"
"C:\Users\User\Desktop\mlb\archive\freeze_2026-04-14_164719\artifacts\mlb_live_team_board.csv","41465","4/14/2026 4:42:59 PM"
"C:\Users\User\Desktop\mlb\archive\freeze_2026-04-14_164719\code\data",,"4/14/2026 4:47:19 PM"
"C:\Users\User\Desktop\mlb\archive\freeze_2026-04-14_164719\code\fixtures",,"4/14/2026 4:47:19 PM"
"C:\Users\User\Desktop\mlb\archive\freeze_2026-04-14_164719\code\mlb_betting_data",,"4/14/2026 4:47:19 PM"
"C:\Users\User\Desktop\mlb\archive\freeze_2026-04-14_164719\code\models",,"4/14/2026 4:47:19 PM"
"C:\Users\User\Desktop\mlb\archive\freeze_2026-04-14_164719\code\scripts",,"4/14/2026 4:47:19 PM"
"C:\Users\User\Desktop\mlb\archive\freeze_2026-04-14_164719\code\tests",,"4/14/2026 4:47:19 PM"
"C:\Users\User\Desktop\mlb\archive\freeze_2026-04-14_164719\code\00f_capture_fanduel_odds.py","9147","4/14/2026 2:46:29 PM"
"C:\Users\User\Desktop\mlb\archive\freeze_2026-04-14_164719\code\dk_scrape_all_mlb_props.py","12991","4/14/2026 11:35:06 AM"
"C:\Users\User\Desktop\mlb\archive\freeze_2026-04-14_164719\code\MLB_FULL_STACK_ENGINE_README.md","2963","4/14/2026 12:50:09 PM"
"C:\Users\User\Desktop\mlb\archive\freeze_2026-04-14_164719\code\mlb_live_books.py","15620","4/14/2026 4:34:13 PM"
"C:\Users\User\Desktop\mlb\archive\freeze_2026-04-14_164719\code\mlb_live_pricing.py","7354","4/14/2026 4:34:13 PM"
"C:\Users\User\Desktop\mlb\archive\freeze_2026-04-14_164719\code\mlb_live_schema.py","8307","4/14/2026 4:34:13 PM"
"C:\Users\User\Desktop\mlb\archive\freeze_2026-04-14_164719\code\mlb_market_full_stack_engine.py","44948","4/14/2026 12:50:09 PM"
"C:\Users\User\Desktop\mlb\archive\freeze_2026-04-14_164719\code\projection_template.csv","291","4/14/2026 4:34:13 PM"
"C:\Users\User\Desktop\mlb\archive\freeze_2026-04-14_164719\code\pyproject.toml","624","4/14/2026 4:31:11 AM"
"C:\Users\User\Desktop\mlb\archive\freeze_2026-04-14_164719\code\README.md","2683","4/14/2026 4:34:13 PM"
"C:\Users\User\Desktop\mlb\archive\freeze_2026-04-14_164719\code\run_dk_mlb_pregame.cmd","86","4/14/2026 3:39:55 PM"
"C:\Users\User\Desktop\mlb\archive\freeze_2026-04-14_164719\code\run_dk_mlb_pregame.py","685","4/14/2026 3:17:18 PM"
"C:\Users\User\Desktop\mlb\archive\freeze_2026-04-14_164719\code\run_mlb_live_board.py","4125","4/14/2026 4:34:13 PM"
"C:\Users\User\Desktop\mlb\archive\freeze_2026-04-14_164719\code\run_mlb_pregame_pipeline.cmd","92","4/14/2026 4:02:17 PM"
"C:\Users\User\Desktop\mlb\archive\freeze_2026-04-14_164719\code\run_mlb_pregame_pipeline.py","860","4/14/2026 4:02:08 PM"
"C:\Users\User\Desktop\mlb\archive\freeze_2026-04-14_164719\code\data\curated",,"4/14/2026 4:47:19 PM"
"C:\Users\User\Desktop\mlb\archive\freeze_2026-04-14_164719\code\data\out",,"4/14/2026 4:47:19 PM"
"C:\Users\User\Desktop\mlb\archive\freeze_2026-04-14_164719\code\data\raw",,"4/14/2026 4:47:19 PM"
"C:\Users\User\Desktop\mlb\archive\freeze_2026-04-14_164719\code\data\curated\cache",,"4/14/2026 4:47:19 PM"
"C:\Users\User\Desktop\mlb\archive\freeze_2026-04-14_164719\code\data\curated\actual game results.parquet","101099","4/14/2026 4:31:12 AM"
"C:\Users\User\Desktop\mlb\archive\freeze_2026-04-14_164719\code\data\curated\actual hitter stats by game.parquet","636","4/14/2026 4:31:12 AM"
"C:\Users\User\Desktop\mlb\archive\freeze_2026-04-14_164719\code\data\curated\actual pitcher stats by game.parquet","122028","4/14/2026 4:31:12 AM"
"C:\Users\User\Desktop\mlb\archive\freeze_2026-04-14_164719\code\data\curated\actual team game results.parquet","116814","4/14/2026 4:31:12 AM"
"C:\Users\User\Desktop\mlb\archive\freeze_2026-04-14_164719\code\data\curated\latest player form.parquet","47936","4/14/2026 4:31:12 AM"
"C:\Users\User\Desktop\mlb\archive\freeze_2026-04-14_164719\code\data\curated\latest team form.parquet","11790","4/14/2026 4:31:12 AM"
"C:\Users\User\Desktop\mlb\archive\freeze_2026-04-14_164719\code\data\curated\player and team volatility.parquet","16229","4/14/2026 4:31:12 AM"
"C:\Users\User\Desktop\mlb\archive\freeze_2026-04-14_164719\code\data\curated\player directory.parquet","109242","4/14/2026 4:31:12 AM"
"C:\Users\User\Desktop\mlb\archive\freeze_2026-04-14_164719\code\data\curated\same game relationship guide.parquet","636","4/14/2026 4:31:12 AM"
"C:\Users\User\Desktop\mlb\archive\freeze_2026-04-14_164719\code\data\curated\cache\historical",,"4/14/2026 4:47:19 PM"
"C:\Users\User\Desktop\mlb\archive\freeze_2026-04-14_164719\code\data\curated\cache\historical\1998box",,"4/14/2026 4:47:19 PM"
"C:\Users\User\Desktop\mlb\archive\freeze_2026-04-14_164719\code\data\curated\cache\historical\2023box",,"4/14/2026 4:47:19 PM"
"C:\Users\User\Desktop\mlb\archive\freeze_2026-04-14_164719\code\data\curated\cache\historical\2024box",,"4/14/2026 4:47:19 PM"
"C:\Users\User\Desktop\mlb\archive\freeze_2026-04-14_164719\code\data\curated\cache\historical\1998box\b62db13b18882230f383c2270b6eee17969db12eb4d90db471cb5bd2c8717549",,"4/14/2026 4:47:19 PM"
"C:\Users\User\Desktop\mlb\archive\freeze_2026-04-14_164719\code\data\curated\cache\historical\1998box\b62db13b18882230f383c2270b6eee17969db12eb4d90db471cb5bd2c8717549\actual-game-results.parquet","39812","4/14/2026 4:31:12 AM"
"C:\Users\User\Desktop\mlb\archive\freeze_2026-04-14_164719\code\data\curated\cache\historical\1998box\b62db13b18882230f383c2270b6eee17969db12eb4d90db471cb5bd2c8717549\actual-hitter-stats-by-game.parquet","636","4/14/2026 4:31:12 AM"
"C:\Users\User\Desktop\mlb\archive\freeze_2026-04-14_164719\code\data\curated\cache\historical\1998box\b62db13b18882230f383c2270b6eee17969db12eb4d90db471cb5bd2c8717549\actual-pitcher-stats-by-game.parquet","48523","4/14/2026 4:31:12 AM"
"C:\Users\User\Desktop\mlb\archive\freeze_2026-04-14_164719\code\data\curated\cache\historical\1998box\b62db13b18882230f383c2270b6eee17969db12eb4d90db471cb5bd2c8717549\actual-team-game-results.parquet","43410","4/14/2026 4:31:12 AM"
"C:\Users\User\Desktop\mlb\archive\freeze_2026-04-14_164719\code\data\curated\cache\historical\1998box\b62db13b18882230f383c2270b6eee17969db12eb4d90db471cb5bd2c8717549\manifest.json","564","4/14/2026 4:31:12 AM"
"C:\Users\User\Desktop\mlb\archive\freeze_2026-04-14_164719\code\data\curated\cache\historical\1998box\b62db13b18882230f383c2270b6eee17969db12eb4d90db471cb5bd2c8717549\player-directory.parquet","44408","4/14/2026 4:31:12 AM"
"C:\Users\User\Desktop\mlb\archive\freeze_2026-04-14_164719\code\data\curated\cache\historical\2023box\30143ddedd32e35a354484e1b842242f0746e059fb21885fbe4cad5c0ba1e988",,"4/14/2026 4:47:19 PM"
"C:\Users\User\Desktop\mlb\archive\freeze_2026-04-14_164719\code\data\curated\cache\historical\2023box\30143ddedd32e35a354484e1b842242f0746e059fb21885fbe4cad5c0ba1e988\actual-game-results.parquet","41146","4/14/2026 4:31:12 AM"
"C:\Users\User\Desktop\mlb\archive\freeze_2026-04-14_164719\code\data\curated\cache\historical\2023box\30143ddedd32e35a354484e1b842242f0746e059fb21885fbe4cad5c0ba1e988\actual-hitter-stats-by-game.parquet","636","4/14/2026 4:31:12 AM"
"C:\Users\User\Desktop\mlb\archive\freeze_2026-04-14_164719\code\data\curated\cache\historical\2023box\30143ddedd32e35a354484e1b842242f0746e059fb21885fbe4cad5c0ba1e988\actual-pitcher-stats-by-game.parquet","49440","4/14/2026 4:31:12 AM"
"C:\Users\User\Desktop\mlb\archive\freeze_2026-04-14_164719\code\data\curated\cache\historical\2023box\30143ddedd32e35a354484e1b842242f0746e059fb21885fbe4cad5c0ba1e988\actual-team-game-results.parquet","44325","4/14/2026 4:31:12 AM"
"C:\Users\User\Desktop\mlb\archive\freeze_2026-04-14_164719\code\data\curated\cache\historical\2023box\30143ddedd32e35a354484e1b842242f0746e059fb21885fbe4cad5c0ba1e988\manifest.json","564","4/14/2026 4:31:12 AM"
"C:\Users\User\Desktop\mlb\archive\freeze_2026-04-14_164719\code\data\curated\cache\historical\2023box\30143ddedd32e35a354484e1b842242f0746e059fb21885fbe4cad5c0ba1e988\player-directory.parquet","55048","4/14/2026 4:31:12 AM"
"C:\Users\User\Desktop\mlb\archive\freeze_2026-04-14_164719\code\data\curated\cache\historical\2024box\cbc2a2723cb821049737a157ecc67ac543ff3780fdc25d016f9616c74671f3e7",,"4/14/2026 4:47:19 PM"
"C:\Users\User\Desktop\mlb\archive\freeze_2026-04-14_164719\code\data\curated\cache\historical\2024box\cbc2a2723cb821049737a157ecc67ac543ff3780fdc25d016f9616c74671f3e7\actual-game-results.parquet","41128","4/14/2026 4:31:12 AM"
"C:\Users\User\Desktop\mlb\archive\freeze_2026-04-14_164719\code\data\curated\cache\historical\2024box\cbc2a2723cb821049737a157ecc67ac543ff3780fdc25d016f9616c74671f3e7\actual-hitter-stats-by-game.parquet","636","4/14/2026 4:31:12 AM"
"C:\Users\User\Desktop\mlb\archive\freeze_2026-04-14_164719\code\data\curated\cache\historical\2024box\cbc2a2723cb821049737a157ecc67ac543ff3780fdc25d016f9616c74671f3e7\actual-pitcher-stats-by-game.parquet","49334","4/14/2026 4:31:12 AM"
"C:\Users\User\Desktop\mlb\archive\freeze_2026-04-14_164719\code\data\curated\cache\historical\2024box\cbc2a2723cb821049737a157ecc67ac543ff3780fdc25d016f9616c74671f3e7\actual-team-game-results.parquet","44219","4/14/2026 4:31:12 AM"
"C:\Users\User\Desktop\mlb\archive\freeze_2026-04-14_164719\code\data\curated\cache\historical\2024box\cbc2a2723cb821049737a157ecc67ac543ff3780fdc25d016f9616c74671f3e7\manifest.json","564","4/14/2026 4:31:12 AM"
"C:\Users\User\Desktop\mlb\archive\freeze_2026-04-14_164719\code\data\curated\cache\historical\2024box\cbc2a2723cb821049737a157ecc67ac543ff3780fdc25d016f9616c74671f3e7\player-directory.parquet","55143","4/14/2026 4:31:12 AM"
"C:\Users\User\Desktop\mlb\archive\freeze_2026-04-14_164719\code\data\raw\fanduel_sample.json","1435","4/14/2026 4:31:12 AM"
"C:\Users\User\Desktop\mlb\archive\freeze_2026-04-14_164719\code\data\raw\fanduel_synthetic.json","2907","4/14/2026 4:31:12 AM"
"C:\Users\User\Desktop\mlb\archive\freeze_2026-04-14_164719\code\fixtures\dk_raw_fixture.json","2180","4/14/2026 4:34:13 PM"
"C:\Users\User\Desktop\mlb\archive\freeze_2026-04-14_164719\code\fixtures\fd_event_pages_fixture.json","480","4/14/2026 4:34:13 PM"
"C:\Users\User\Desktop\mlb\archive\freeze_2026-04-14_164719\code\fixtures\fd_price_rows_fixture.json","1031","4/14/2026 4:34:13 PM"
"C:\Users\User\Desktop\mlb\archive\freeze_2026-04-14_164719\code\fixtures\projection_fixture.csv","226","4/14/2026 4:34:13 PM"
"C:\Users\User\Desktop\mlb\archive\freeze_2026-04-14_164719\code\mlb_betting_data\data",,"4/14/2026 4:47:19 PM"
"C:\Users\User\Desktop\mlb\archive\freeze_2026-04-14_164719\code\mlb_betting_data\models",,"4/14/2026 4:47:19 PM"
"C:\Users\User\Desktop\mlb\archive\freeze_2026-04-14_164719\code\mlb_betting_data\pipelines",,"4/14/2026 4:47:19 PM"
"C:\Users\User\Desktop\mlb\archive\freeze_2026-04-14_164719\code\mlb_betting_data\sportsbooks",,"4/14/2026 4:47:19 PM"
"C:\Users\User\Desktop\mlb\archive\freeze_2026-04-14_164719\code\mlb_betting_data\__pycache__",,"4/14/2026 4:47:19 PM"
"C:\Users\User\Desktop\mlb\archive\freeze_2026-04-14_164719\code\mlb_betting_data\archive.py","889","4/14/2026 4:31:11 AM"
"C:\Users\User\Desktop\mlb\archive\freeze_2026-04-14_164719\code\mlb_betting_data\board_utils.py","1474","4/14/2026 4:31:11 AM"
"C:\Users\User\Desktop\mlb\archive\freeze_2026-04-14_164719\code\mlb_betting_data\cache.py","1156","4/14/2026 4:31:11 AM"
"C:\Users\User\Desktop\mlb\archive\freeze_2026-04-14_164719\code\mlb_betting_data\cli.py","6091","4/14/2026 4:31:11 AM"
"C:\Users\User\Desktop\mlb\archive\freeze_2026-04-14_164719\code\mlb_betting_data\config.py","4788","4/14/2026 4:31:11 AM"
"C:\Users\User\Desktop\mlb\archive\freeze_2026-04-14_164719\code\mlb_betting_data\io.py","660","4/14/2026 4:31:11 AM"
"C:\Users\User\Desktop\mlb\archive\freeze_2026-04-14_164719\code\mlb_betting_data\odds_ingestion.py","1532","4/14/2026 4:31:11 AM"
"C:\Users\User\Desktop\mlb\archive\freeze_2026-04-14_164719\code\mlb_betting_data\pricing.py","6734","4/14/2026 4:31:11 AM"
"C:\Users\User\Desktop\mlb\archive\freeze_2026-04-14_164719\code\mlb_betting_data\risk.py","10188","4/14/2026 4:31:11 AM"
"C:\Users\User\Desktop\mlb\archive\freeze_2026-04-14_164719\code\mlb_betting_data\team_names.py","3512","4/14/2026 4:31:11 AM"
"C:\Users\User\Desktop\mlb\archive\freeze_2026-04-14_164719\code\mlb_betting_data\__init__.py","55","4/14/2026 4:31:11 AM"
"C:\Users\User\Desktop\mlb\archive\freeze_2026-04-14_164719\code\mlb_betting_data\data\__pycache__",,"4/14/2026 4:47:19 PM"
"C:\Users\User\Desktop\mlb\archive\freeze_2026-04-14_164719\code\mlb_betting_data\data\retrosheet_parser.py","22642","4/14/2026 4:31:11 AM"
"C:\Users\User\Desktop\mlb\archive\freeze_2026-04-14_164719\code\mlb_betting_data\data\__init__.py","77","4/14/2026 4:31:11 AM"
"C:\Users\User\Desktop\mlb\archive\freeze_2026-04-14_164719\code\mlb_betting_data\data\__pycache__\retrosheet_parser.cpython-313.pyc","25316","4/14/2026 4:31:11 AM"
"C:\Users\User\Desktop\mlb\archive\freeze_2026-04-14_164719\code\mlb_betting_data\data\__pycache__\retrosheet_parser.cpython-314.pyc","28674","4/14/2026 4:33:11 AM"
"C:\Users\User\Desktop\mlb\archive\freeze_2026-04-14_164719\code\mlb_betting_data\data\__pycache__\__init__.cpython-313.pyc","284","4/14/2026 4:31:11 AM"
"C:\Users\User\Desktop\mlb\archive\freeze_2026-04-14_164719\code\mlb_betting_data\data\__pycache__\__init__.cpython-314.pyc","272","4/14/2026 4:33:11 AM"
"C:\Users\User\Desktop\mlb\archive\freeze_2026-04-14_164719\code\mlb_betting_data\models\__pycache__",,"4/14/2026 4:47:19 PM"
"C:\Users\User\Desktop\mlb\archive\freeze_2026-04-14_164719\code\mlb_betting_data\models\history_trained_models.py","46294","4/14/2026 4:31:12 AM"
"C:\Users\User\Desktop\mlb\archive\freeze_2026-04-14_164719\code\mlb_betting_data\models\__init__.py","100","4/14/2026 4:31:12 AM"
"C:\Users\User\Desktop\mlb\archive\freeze_2026-04-14_164719\code\mlb_betting_data\models\__pycache__\history_trained_models.cpython-313.pyc","58436","4/14/2026 4:31:12 AM"
"C:\Users\User\Desktop\mlb\archive\freeze_2026-04-14_164719\code\mlb_betting_data\models\__pycache__\history_trained_models.cpython-314.pyc","65752","4/14/2026 4:33:10 AM"
"C:\Users\User\Desktop\mlb\archive\freeze_2026-04-14_164719\code\mlb_betting_data\models\__pycache__\__init__.cpython-313.pyc","318","4/14/2026 4:31:12 AM"
"C:\Users\User\Desktop\mlb\archive\freeze_2026-04-14_164719\code\mlb_betting_data\models\__pycache__\__init__.cpython-314.pyc","306","4/14/2026 4:33:10 AM"
"C:\Users\User\Desktop\mlb\archive\freeze_2026-04-14_164719\code\mlb_betting_data\pipelines\__pycache__",,"4/14/2026 4:47:19 PM"
"C:\Users\User\Desktop\mlb\archive\freeze_2026-04-14_164719\code\mlb_betting_data\pipelines\build_draftkings_archive.py","6326","4/14/2026 4:31:11 AM"
"C:\Users\User\Desktop\mlb\archive\freeze_2026-04-14_164719\code\mlb_betting_data\pipelines\build_draftkings_board.py","2498","4/14/2026 4:31:11 AM"
"C:\Users\User\Desktop\mlb\archive\freeze_2026-04-14_164719\code\mlb_betting_data\pipelines\build_fanduel_archive.py","5941","4/14/2026 4:31:12 AM"
"C:\Users\User\Desktop\mlb\archive\freeze_2026-04-14_164719\code\mlb_betting_data\pipelines\build_fanduel_board.py","2388","4/14/2026 4:31:12 AM"
"C:\Users\User\Desktop\mlb\archive\freeze_2026-04-14_164719\code\mlb_betting_data\pipelines\build_historical_betting_data.py","7074","4/14/2026 4:31:11 AM"
"C:\Users\User\Desktop\mlb\archive\freeze_2026-04-14_164719\code\mlb_betting_data\pipelines\build_risk_guide.py","1009","4/14/2026 4:31:11 AM"
"C:\Users\User\Desktop\mlb\archive\freeze_2026-04-14_164719\code\mlb_betting_data\pipelines\compare_books.py","7118","4/14/2026 4:31:12 AM"
"C:\Users\User\Desktop\mlb\archive\freeze_2026-04-14_164719\code\mlb_betting_data\pipelines\__init__.py","474","4/14/2026 4:31:11 AM"
"C:\Users\User\Desktop\mlb\archive\freeze_2026-04-14_164719\code\mlb_betting_data\pipelines\__pycache__\build_draftkings_archive.cpython-313.pyc","7819","4/14/2026 4:31:12 AM"
"C:\Users\User\Desktop\mlb\archive\freeze_2026-04-14_164719\code\mlb_betting_data\pipelines\__pycache__\build_draftkings_archive.cpython-314.pyc","8497","4/14/2026 4:33:11 AM"
"C:\Users\User\Desktop\mlb\archive\freeze_2026-04-14_164719\code\mlb_betting_data\pipelines\__pycache__\build_draftkings_board.cpython-313.pyc","3343","4/14/2026 4:31:12 AM"
"C:\Users\User\Desktop\mlb\archive\freeze_2026-04-14_164719\code\mlb_betting_data\pipelines\__pycache__\build_draftkings_board.cpython-314.pyc","3539","4/14/2026 4:33:11 AM"
"C:\Users\User\Desktop\mlb\archive\freeze_2026-04-14_164719\code\mlb_betting_data\pipelines\__pycache__\build_fanduel_archive.cpython-313.pyc","7597","4/14/2026 4:31:12 AM"
"C:\Users\User\Desktop\mlb\archive\freeze_2026-04-14_164719\code\mlb_betting_data\pipelines\__pycache__\build_fanduel_archive.cpython-314.pyc","8279","4/14/2026 4:33:11 AM"
"C:\Users\User\Desktop\mlb\archive\freeze_2026-04-14_164719\code\mlb_betting_data\pipelines\__pycache__\build_fanduel_board.cpython-313.pyc","3242","4/14/2026 4:31:12 AM"
"C:\Users\User\Desktop\mlb\archive\freeze_2026-04-14_164719\code\mlb_betting_data\pipelines\__pycache__\build_fanduel_board.cpython-314.pyc","3448","4/14/2026 4:33:11 AM"
"C:\Users\User\Desktop\mlb\archive\freeze_2026-04-14_164719\code\mlb_betting_data\pipelines\__pycache__\build_historical_betting_data.cpython-313.pyc","7949","4/14/2026 4:31:12 AM"
"C:\Users\User\Desktop\mlb\archive\freeze_2026-04-14_164719\code\mlb_betting_data\pipelines\__pycache__\build_historical_betting_data.cpython-314.pyc","9430","4/14/2026 4:33:11 AM"
"C:\Users\User\Desktop\mlb\archive\freeze_2026-04-14_164719\code\mlb_betting_data\pipelines\__pycache__\build_risk_guide.cpython-313.pyc","1562","4/14/2026 4:31:12 AM"
"C:\Users\User\Desktop\mlb\archive\freeze_2026-04-14_164719\code\mlb_betting_data\pipelines\__pycache__\build_risk_guide.cpython-314.pyc","1698","4/14/2026 4:33:11 AM"
"C:\Users\User\Desktop\mlb\archive\freeze_2026-04-14_164719\code\mlb_betting_data\pipelines\__pycache__\compare_books.cpython-313.pyc","10340","4/14/2026 4:31:12 AM"
"C:\Users\User\Desktop\mlb\archive\freeze_2026-04-14_164719\code\mlb_betting_data\pipelines\__pycache__\compare_books.cpython-314.pyc","12001","4/14/2026 4:33:11 AM"
"C:\Users\User\Desktop\mlb\archive\freeze_2026-04-14_164719\code\mlb_betting_data\pipelines\__pycache__\__init__.cpython-313.pyc","740","4/14/2026 4:31:12 AM"
"C:\Users\User\Desktop\mlb\archive\freeze_2026-04-14_164719\code\mlb_betting_data\pipelines\__pycache__\__init__.cpython-314.pyc","728","4/14/2026 4:33:11 AM"
"C:\Users\User\Desktop\mlb\archive\freeze_2026-04-14_164719\code\mlb_betting_data\sportsbooks\__pycache__",,"4/14/2026 4:47:19 PM"
"C:\Users\User\Desktop\mlb\archive\freeze_2026-04-14_164719\code\mlb_betting_data\sportsbooks\draftkings.py","47074","4/14/2026 2:49:59 PM"
"C:\Users\User\Desktop\mlb\archive\freeze_2026-04-14_164719\code\mlb_betting_data\sportsbooks\fanduel.py","20429","4/14/2026 2:33:17 PM"
"C:\Users\User\Desktop\mlb\archive\freeze_2026-04-14_164719\code\mlb_betting_data\sportsbooks\__init__.py","262","4/14/2026 4:31:12 AM"
"C:\Users\User\Desktop\mlb\archive\freeze_2026-04-14_164719\code\mlb_betting_data\sportsbooks\__pycache__\draftkings.cpython-313.pyc","48889","4/14/2026 4:31:12 AM"
"C:\Users\User\Desktop\mlb\archive\freeze_2026-04-14_164719\code\mlb_betting_data\sportsbooks\__pycache__\draftkings.cpython-314.pyc","67727","4/14/2026 2:57:19 PM"
"C:\Users\User\Desktop\mlb\archive\freeze_2026-04-14_164719\code\mlb_betting_data\sportsbooks\__pycache__\fanduel.cpython-313.pyc","38846","4/14/2026 4:31:12 AM"
"C:\Users\User\Desktop\mlb\archive\freeze_2026-04-14_164719\code\mlb_betting_data\sportsbooks\__pycache__\fanduel.cpython-314.pyc","29958","4/14/2026 2:57:19 PM"
"C:\Users\User\Desktop\mlb\archive\freeze_2026-04-14_164719\code\mlb_betting_data\sportsbooks\__pycache__\__init__.cpython-313.pyc","491","4/14/2026 4:31:12 AM"
"C:\Users\User\Desktop\mlb\archive\freeze_2026-04-14_164719\code\mlb_betting_data\sportsbooks\__pycache__\__init__.cpython-314.pyc","479","4/14/2026 4:33:11 AM"
"C:\Users\User\Desktop\mlb\archive\freeze_2026-04-14_164719\code\mlb_betting_data\__pycache__\archive.cpython-313.pyc","1746","4/14/2026 4:31:12 AM"
"C:\Users\User\Desktop\mlb\archive\freeze_2026-04-14_164719\code\mlb_betting_data\__pycache__\archive.cpython-314.pyc","2309","4/14/2026 4:33:11 AM"
"C:\Users\User\Desktop\mlb\archive\freeze_2026-04-14_164719\code\mlb_betting_data\__pycache__\board_utils.cpython-313.pyc","2202","4/14/2026 4:31:12 AM"
"C:\Users\User\Desktop\mlb\archive\freeze_2026-04-14_164719\code\mlb_betting_data\__pycache__\board_utils.cpython-314.pyc","2538","4/14/2026 4:33:11 AM"
"C:\Users\User\Desktop\mlb\archive\freeze_2026-04-14_164719\code\mlb_betting_data\__pycache__\cache.cpython-313.pyc","2550","4/14/2026 4:31:12 AM"
"C:\Users\User\Desktop\mlb\archive\freeze_2026-04-14_164719\code\mlb_betting_data\__pycache__\cache.cpython-314.pyc","3163","4/14/2026 4:33:11 AM"
"C:\Users\User\Desktop\mlb\archive\freeze_2026-04-14_164719\code\mlb_betting_data\__pycache__\cli.cpython-313.pyc","7055","4/14/2026 4:31:12 AM"
"C:\Users\User\Desktop\mlb\archive\freeze_2026-04-14_164719\code\mlb_betting_data\__pycache__\cli.cpython-314.pyc","7710","4/14/2026 4:33:10 AM"
"C:\Users\User\Desktop\mlb\archive\freeze_2026-04-14_164719\code\mlb_betting_data\__pycache__\config.cpython-313.pyc","9801","4/14/2026 4:31:12 AM"
"C:\Users\User\Desktop\mlb\archive\freeze_2026-04-14_164719\code\mlb_betting_data\__pycache__\config.cpython-314.pyc","14802","4/14/2026 4:33:10 AM"
"C:\Users\User\Desktop\mlb\archive\freeze_2026-04-14_164719\code\mlb_betting_data\__pycache__\io.cpython-313.pyc","1393","4/14/2026 4:31:12 AM"
"C:\Users\User\Desktop\mlb\archive\freeze_2026-04-14_164719\code\mlb_betting_data\__pycache__\io.cpython-314.pyc","1837","4/14/2026 4:33:11 AM"
"C:\Users\User\Desktop\mlb\archive\freeze_2026-04-14_164719\code\mlb_betting_data\__pycache__\odds_ingestion.cpython-313.pyc","1748","4/14/2026 4:31:12 AM"
"C:\Users\User\Desktop\mlb\archive\freeze_2026-04-14_164719\code\mlb_betting_data\__pycache__\odds_ingestion.cpython-314.pyc","1896","4/14/2026 4:33:11 AM"
"C:\Users\User\Desktop\mlb\archive\freeze_2026-04-14_164719\code\mlb_betting_data\__pycache__\pricing.cpython-313.pyc","9547","4/14/2026 4:31:12 AM"
"C:\Users\User\Desktop\mlb\archive\freeze_2026-04-14_164719\code\mlb_betting_data\__pycache__\pricing.cpython-314.pyc","11926","4/14/2026 4:33:11 AM"
"C:\Users\User\Desktop\mlb\archive\freeze_2026-04-14_164719\code\mlb_betting_data\__pycache__\risk.cpython-313.pyc","9543","4/14/2026 4:31:12 AM"
"C:\Users\User\Desktop\mlb\archive\freeze_2026-04-14_164719\code\mlb_betting_data\__pycache__\risk.cpython-314.pyc","10904","4/14/2026 4:33:11 AM"
"C:\Users\User\Desktop\mlb\archive\freeze_2026-04-14_164719\code\mlb_betting_data\__pycache__\team_names.cpython-313.pyc","5323","4/14/2026 4:31:12 AM"
"C:\Users\User\Desktop\mlb\archive\freeze_2026-04-14_164719\code\mlb_betting_data\__pycache__\team_names.cpython-314.pyc","5654","4/14/2026 4:33:11 AM"
"C:\Users\User\Desktop\mlb\archive\freeze_2026-04-14_164719\code\mlb_betting_data\__pycache__\__init__.cpython-313.pyc","247","4/14/2026 4:31:12 AM"
"C:\Users\User\Desktop\mlb\archive\freeze_2026-04-14_164719\code\mlb_betting_data\__pycache__\__init__.cpython-314.pyc","235","4/14/2026 4:33:10 AM"
"C:\Users\User\Desktop\mlb\archive\freeze_2026-04-14_164719\code\models\history_trained",,"4/14/2026 4:47:19 PM"
"C:\Users\User\Desktop\mlb\archive\freeze_2026-04-14_164719\code\models\history_trained\game away team runs.joblib","3136","4/14/2026 4:31:12 AM"
"C:\Users\User\Desktop\mlb\archive\freeze_2026-04-14_164719\code\models\history_trained\game game total runs.joblib","3137","4/14/2026 4:31:12 AM"
"C:\Users\User\Desktop\mlb\archive\freeze_2026-04-14_164719\code\models\history_trained\game home team runs.joblib","3136","4/14/2026 4:31:12 AM"
"C:\Users\User\Desktop\mlb\archive\freeze_2026-04-14_164719\code\models\history_trained\history trained model summary.csv","2875","4/14/2026 4:31:12 AM"
"C:\Users\User\Desktop\mlb\archive\freeze_2026-04-14_164719\code\models\history_trained\pitcher earned runs allowed.joblib","2452","4/14/2026 4:31:12 AM"
"C:\Users\User\Desktop\mlb\archive\freeze_2026-04-14_164719\code\models\history_trained\pitcher hits allowed.joblib","2453","4/14/2026 4:31:12 AM"
"C:\Users\User\Desktop\mlb\archive\freeze_2026-04-14_164719\code\models\history_trained\pitcher home runs allowed.joblib","2458","4/14/2026 4:31:12 AM"
"C:\Users\User\Desktop\mlb\archive\freeze_2026-04-14_164719\code\models\history_trained\pitcher outs recorded.joblib","2454","4/14/2026 4:31:12 AM"
"C:\Users\User\Desktop\mlb\archive\freeze_2026-04-14_164719\code\models\history_trained\pitcher pitcher strikeouts.joblib","2451","4/14/2026 4:31:12 AM"
"C:\Users\User\Desktop\mlb\archive\freeze_2026-04-14_164719\code\models\history_trained\pitcher walks allowed.joblib","2454","4/14/2026 4:31:12 AM"
"C:\Users\User\Desktop\mlb\archive\freeze_2026-04-14_164719\code\scripts\tests",,"4/14/2026 4:47:19 PM"
"C:\Users\User\Desktop\mlb\archive\freeze_2026-04-14_164719\code\scripts\tests\test_fanduel_home_run_compare.py","1906","4/14/2026 4:31:12 AM"
"C:\Users\User\Desktop\mlb\archive\freeze_2026-04-14_164719\code\scripts\tests\test_fanduel_patch.py","3905","4/14/2026 4:31:12 AM"
"C:\Users\User\Desktop\mlb\archive\freeze_2026-04-14_164719\code\tests\__pycache__",,"4/14/2026 4:47:19 PM"
"C:\Users\User\Desktop\mlb\archive\freeze_2026-04-14_164719\code\tests\test_live_market_layer.py","7219","4/14/2026 4:34:13 PM"
"C:\Users\User\Desktop\mlb\archive\freeze_2026-04-14_164719\code\tests\__pycache__\test_live_market_layer.cpython-313-pytest-9.0.2.pyc","16200","4/14/2026 4:34:13 PM"
"C:\Users\User\Desktop\mlb\archive\freeze_2026-04-14_164719\meta\freeze_info.txt","168","4/14/2026 4:47:22 PM"
"C:\Users\User\Desktop\mlb\archive\freeze_2026-04-14_164719\meta\freeze_manifest.csv","0","4/14/2026 4:47:22 PM"
"C:\Users\User\Desktop\mlb\archive\freeze_2026-04-14_164719\meta\requirements-freeze.txt","3221","4/14/2026 4:47:22 PM"
